time_est,open,high,low,close
05:00,4463.165,4463.165,4461.375,4461.435
05:01,4461.495,4462.275,4461.105,4462.275
05:02,4462.258,4462.595,4461.335,4461.545
05:03,4461.485,4463.325,4461.325,4462.685
05:04,4462.715,4463.825,4462.695,4463.465
05:05,4463.535,4463.885,4462.795,4463.205
05:06,4463.335,4464.575,4463.305,4464.505
05:07,4464.505,4464.835,4463.135,4464.715
05:08,4464.765,4465.465,4464.095,4464.165
05:09,4464.145,4464.275,4462.545,4463.165
05:10,4463.195,4463.835,4463.125,4463.395
05:11,4463.395,4463.395,4462.085,4462.425
05:12,4462.355,4463.375,4462.125,4463.075
05:13,4463.135,4464.265,4463.135,4463.975
05:14,4464.215,4464.915,4464.215,4464.595
05:15,4464.595,4466.445,4464.395,4465.815
05:16,4465.865,4466.135,4464.925,4464.995
05:17,4464.985,4465.785,4464.795,4465.325
05:18,4465.325,4465.325,4464.565,4464.665
05:19,4464.675,4465.495,4464.555,4464.775
05:20,4464.725,4465.425,4464.445,4464.705
05:21,4464.735,4464.905,4464.095,4464.335
05:22,4464.365,4464.485,4463.935,4464.385
05:23,4464.495,4465.075,4464.365,4464.855
05:24,4464.455,4464.485,4463.305,4464.195
05:25,4464.205,4464.525,4462.355,4462.675
05:26,4462.715,4462.855,4460.625,4460.955
05:27,4460.955,4461.075,4459.925,4460.285
05:28,4460.265,4461.355,4459.265,4460.535
05:29,4460.535,4460.635,4458.495,4459.695
05:30,4459.695,4461.215,4458.805,4459.415
05:31,4459.455,4460.525,4458.548,4460.395
05:32,4460.065,4461.325,4459.915,4461.045
05:33,4461.045,4463.225,4461.015,4463.035
05:34,4463.085,4464.335,4463.085,4463.445
05:35,4463.435,4464.595,4463.175,4464.075
05:36,4464.035,4464.335,4463.535,4464.265
05:37,4464.305,4464.735,4464.175,4464.655
05:38,4464.495,4465.405,4463.845,4464.845
05:39,4464.795,4465.135,4464.345,4464.475
05:40,4464.455,4465.835,4464.415,4465.835
05:41,4465.905,4467.005,4465.305,4465.325
05:42,4465.355,4465.355,4464.425,4464.785
05:43,4464.775,4465.845,4464.335,4464.855
05:44,4464.825,4465.995,4464.825,4465.725
05:45,4465.585,4466.505,4465.415,4466.475
05:46,4466.535,4467.475,4466.535,4466.955
05:47,4466.975,4467.345,4466.645,4467.145
05:48,4467.265,4467.345,4466.285,4466.325
05:49,4466.475,4466.595,4465.748,4466.115
05:50,4466.085,4466.625,4465.785,4466.515
05:51,4466.475,4466.805,4466.048,4466.115
05:52,4466.155,4466.155,4465.335,4465.815
05:53,4465.795,4465.855,4464.995,4465.365
05:54,4465.345,4465.455,4464.548,4464.615
05:55,4464.655,4464.725,4463.885,4464.275
05:56,4464.235,4464.765,4463.985,4464.405
05:57,4464.375,4464.715,4463.585,4463.665
05:58,4463.685,4464.545,4463.485,4463.485
05:59,4463.535,4464.095,4463.495,4464.095
06:00,4464.065,4464.205,4463.345,4463.415
06:01,4463.375,4463.515,4462.245,4462.345
06:02,4462.315,4462.755,4461.545,4462.675
06:03,4462.705,4464.365,4462.705,4464.365
06:04,4464.345,4464.745,4463.585,4463.975
06:05,4463.945,4464.125,4462.935,4463.615
06:06,4463.695,4463.695,4462.755,4462.755
06:07,4462.715,4462.775,4460.905,4462.615
06:08,4462.645,4462.945,4461.645,4461.855
06:09,4462.215,4462.555,4461.825,4462.185
06:10,4462.205,4463.055,4461.505,4461.745
06:11,4461.775,4462.415,4461.275,4461.645
06:12,4461.665,4462.795,4461.295,4462.285
06:13,4462.315,4462.405,4461.065,4462.245
06:14,4462.165,4462.225,4461.475,4461.515
06:15,4461.485,4461.545,4460.245,4460.635
06:16,4460.665,4462.445,4460.218,4462.435
06:17,4462.465,4462.565,4461.955,4462.555
06:18,4462.525,4463.495,4462.525,4463.035
06:19,4463.015,4464.015,4462.175,4462.545
06:20,4462.465,4462.555,4461.245,4461.935
06:21,4461.905,4462.335,4460.865,4460.985
06:22,4460.955,4461.115,4460.485,4460.565
06:23,4460.605,4460.725,4459.805,4459.965
06:24,4459.945,4460.425,4459.258,4459.458
06:25,4459.458,4459.458,4457.225,4457.225
06:26,4457.125,4457.815,4454.945,4457.405
06:27,4457.375,4458.825,4457.375,4458.525
06:28,4458.595,4460.035,4458.575,4458.955
06:29,4458.925,4459.295,4458.745,4458.815
06:30,4458.875,4459.935,4458.145,4458.255
06:31,4458.285,4458.785,4457.815,4458.015
06:32,4458.305,4458.755,4457.055,4457.645
06:33,4457.675,4457.835,4456.085,4456.135
06:34,4456.095,4457.135,4454.595,4454.795
06:35,4454.775,4455.475,4453.885,4454.185
06:36,4454.165,4454.165,4451.945,4453.345
06:37,4453.285,4454.405,4453.055,4454.295
06:38,4454.295,4454.468,4452.208,4452.695
06:39,4452.705,4452.785,4450.178,4451.215
06:40,4451.145,4453.365,4451.128,4453.365
06:41,4453.385,4453.765,4452.798,4452.905
06:42,4452.898,4452.898,4451.305,4451.738
06:43,4451.738,4452.595,4451.065,4451.525
06:44,4451.545,4451.595,4450.155,4450.155
06:45,4450.185,4451.775,4449.695,4451.265
06:46,4451.245,4451.615,4449.455,4449.655
06:47,4449.735,4451.555,4448.775,4451.215
06:48,4451.175,4451.955,4450.595,4451.665
06:49,4451.645,4451.725,4449.405,4450.195
06:50,4450.175,4451.805,4449.965,4451.335
06:51,4451.315,4452.045,4451.075,4451.135
06:52,4451.175,4452.095,4450.915,4451.555
06:53,4451.595,4451.715,4449.165,4450.295
06:54,4450.315,4454.385,4450.245,4453.655
06:55,4453.585,4453.635,4451.815,4451.895
06:56,4451.995,4452.405,4450.075,4451.095
06:57,4451.125,4451.955,4451.065,4451.225
06:58,4451.285,4451.825,4447.305,4447.595
06:59,4447.545,4447.615,4446.255,4447.135
07:00,4447.505,4449.935,4447.425,4449.935
07:01,4449.845,4449.855,4448.805,4449.235
07:02,4449.165,4449.335,4447.945,4448.275
07:03,4448.235,4448.345,4445.935,4446.385
07:04,4446.435,4448.475,4445.725,4448.025
07:05,4448.505,4448.875,4447.005,4448.525
07:06,4448.705,4448.825,4446.978,4447.285
07:07,4447.715,4448.755,4446.765,4447.735
07:08,4447.715,4448.655,4445.335,4445.555
07:09,4445.595,4446.635,4444.965,4446.065
07:10,4445.705,4446.275,4444.695,4445.125
07:11,4445.165,4445.185,4444.105,4444.725
07:12,4444.765,4445.055,4443.875,4444.715
07:13,4444.665,4444.705,4443.415,4443.995
07:14,4444.015,4446.175,4443.245,4445.425
07:15,4445.395,4447.875,4445.085,4447.535
07:16,4447.515,4447.755,4446.055,4446.055
07:17,4446.085,4447.265,4444.835,4446.245
07:18,4446.165,4446.225,4440.248,4441.625
07:19,4441.625,4442.815,4440.105,4442.055
07:20,4442.105,4443.025,4439.135,4442.645
07:21,4442.665,4446.625,4442.025,4446.515
07:22,4446.565,4447.115,4445.135,4446.355
07:23,4446.395,4447.095,4446.035,4446.645
07:24,4446.645,4447.575,4446.575,4447.095
07:25,4447.225,4447.845,4443.535,4444.125
07:26,4444.125,4447.215,4443.975,4447.065
07:27,4447.065,4448.175,4446.265,4447.765
07:28,4447.955,4449.285,4447.535,4449.095
07:29,4449.075,4450.255,4448.275,4449.845
07:30,4449.795,4452.365,4449.165,4451.735
07:31,4451.705,4453.155,4451.055,4451.915
07:32,4451.885,4454.275,4451.545,4454.255
07:33,4454.155,4454.455,4453.235,4453.935
07:34,4453.915,4453.995,4452.385,4453.025
07:35,4453.065,4454.465,4452.825,4454.348
07:36,4454.335,4454.475,4453.295,4454.455
07:37,4454.425,4454.805,4453.315,4453.315
07:38,4453.235,4453.615,4452.955,4453.415
07:39,4453.455,4454.105,4450.965,4451.335
07:40,4451.365,4452.435,4449.895,4450.165
07:41,4450.115,4453.225,4449.955,4453.225
07:42,4453.175,4453.725,4452.355,4452.355
07:43,4452.278,4452.278,4450.599,4451.369
07:44,4451.369,4451.439,4449.468,4449.488
07:45,4449.558,4451.759,4449.019,4451.618
07:46,4451.618,4453.149,4451.298,4453.089
07:47,4453.108,4453.209,4451.418,4452.859
07:48,4452.798,4453.399,4452.798,4453.229
07:49,4453.085,4453.088,4452.515,4452.899
07:50,4452.868,4453.379,4451.548,4451.878
07:51,4451.878,4453.165,4451.868,4453.118
07:52,4453.128,4453.135,4451.455,4452.125
07:53,4451.955,4451.955,4448.545,4448.805
07:54,4448.805,4449.415,4448.265,4448.265
07:55,4448.265,4448.685,4447.685,4448.035
07:56,4448.035,4448.415,4446.715,4446.715
07:57,4446.655,4447.535,4446.225,4446.925
07:58,4446.835,4448.555,4446.485,4446.785
07:59,4446.745,4446.745,4444.685,4444.685
08:00,4444.609,4448.255,4443.205,4446.775
08:01,4446.745,4448.685,4445.825,4447.335
08:02,4447.545,4448.755,4446.575,4448.575
08:03,4448.605,4449.765,4447.295,4447.385
08:04,4447.435,4448.035,4444.785,4445.495
08:05,4445.525,4446.615,4444.685,4445.165
08:06,4445.185,4445.235,4438.035,4438.945
08:07,4439.055,4439.905,4437.565,4438.815
08:08,4438.785,4439.175,4432.335,4432.565
08:09,4432.555,4435.465,4428.815,4429.615
08:10,4429.585,4434.175,4427.505,4433.565
08:11,4433.595,4435.845,4429.755,4430.605
08:12,4430.585,4431.655,4429.545,4431.415
08:13,4431.415,4433.305,4429.665,4431.985
08:14,4431.985,4433.875,4431.845,4432.848
08:15,4432.848,4438.458,4431.915,4437.975
08:16,4437.955,4438.898,4435.755,4437.195
08:17,4437.165,4437.775,4431.375,4433.385
08:18,4433.365,4435.185,4429.735,4434.895
08:19,4435.005,4435.985,4433.355,4433.695
08:20,4433.675,4436.815,4432.325,4435.665
08:21,4435.545,4437.865,4435.155,4437.615
08:22,4437.398,4438.235,4436.575,4437.105
08:23,4437.075,4442.815,4436.665,4442.615
08:24,4442.515,4443.405,4441.245,4441.995
08:25,4441.995,4443.605,4440.365,4442.065
08:26,4442.035,4443.825,4441.975,4443.155
08:27,4443.135,4446.555,4443.025,4446.465
08:28,4446.495,4447.065,4444.415,4444.745
08:29,4444.715,4444.715,4441.475,4441.865
08:30,4441.915,4445.755,4441.625,4444.525
08:31,4444.555,4446.075,4443.115,4443.635
08:32,4443.615,4446.745,4442.865,4443.245
08:33,4443.225,4443.365,4441.175,4442.265
08:34,4442.295,4445.155,4440.925,4443.225
08:35,4443.205,4444.465,4440.205,4440.905
08:36,4440.825,4444.265,4440.605,4443.975
08:37,4443.975,4444.115,4438.845,4439.245
08:38,4439.225,4441.545,4437.995,4441.175
08:39,4441.195,4443.995,4441.105,4443.365
08:40,4443.415,4445.575,4441.015,4445.095
08:41,4445.085,4446.765,4443.755,4446.575
08:42,4446.585,4449.425,4446.285,4449.295
08:43,4449.125,4450.545,4448.695,4449.045
08:44,4449.065,4449.225,4444.665,4445.055
08:45,4445.098,4446.999,4444.485,4446.999
08:46,4446.955,4447.885,4445.365,4445.795
08:47,4445.775,4446.575,4444.465,4446.185
08:48,4446.155,4448.715,4446.155,4447.825
08:49,4447.835,4449.598,4446.755,4446.755
08:50,4446.715,4447.725,4445.715,4447.425
08:51,4447.505,4450.225,4447.115,4449.425
08:52,4449.345,4450.595,4448.945,4450.535
08:53,4450.565,4451.915,4449.635,4449.745
08:54,4449.715,4450.485,4448.405,4448.645
08:55,4448.685,4450.295,4446.865,4447.115
08:56,4447.135,4452.655,4447.135,4452.285
08:57,4452.305,4452.865,4451.165,4452.785
08:58,4452.805,4452.895,4451.635,4452.325
08:59,4452.398,4452.895,4451.848,4452.648
09:00,4452.655,4453.265,4449.505,4452.165
09:01,4452.115,4452.695,4450.105,4452.605
09:02,4452.605,4453.485,4450.505,4450.915
09:03,4450.885,4453.935,4450.685,4453.925
09:04,4453.905,4454.095,4451.945,4452.335
09:05,4452.285,4452.285,4450.515,4451.665
09:06,4451.695,4452.645,4449.395,4450.835
09:07,4450.885,4453.415,4450.255,4453.035
09:08,4453.065,4453.735,4450.715,4450.735
09:09,4450.855,4451.145,4448.215,4448.415
09:10,4448.485,4450.445,4447.785,4448.955
09:11,4448.925,4450.305,4448.645,4448.925
09:12,4448.885,4449.965,4448.155,4449.785
09:13,4449.815,4451.525,4448.805,4449.155
09:14,4449.175,4449.675,4446.809,4446.895
09:15,4446.889,4452.705,4446.515,4452.555
09:16,4452.695,4453.295,4448.245,4448.245
09:17,4448.205,4450.115,4447.905,4448.985
09:18,4448.965,4450.405,4447.965,4450.305
09:19,4450.335,4451.025,4449.485,4449.535
09:20,4449.575,4449.575,4445.875,4445.955
09:21,4446.005,4446.685,4443.625,4443.715
09:22,4443.775,4445.265,4443.125,4444.905
09:23,4444.885,4446.045,4442.718,4445.175
09:24,4445.245,4448.095,4444.255,4445.285
09:25,4445.245,4446.265,4443.435,4443.485
09:26,4443.455,4445.055,4442.985,4444.605
09:27,4444.575,4444.575,4442.495,4442.765
09:28,4442.745,4445.648,4442.465,4445.648
09:29,4445.718,4446.048,4444.075,4444.365
09:30,4444.239,4449.665,4440.435,4449.665
09:31,4449.655,4450.148,4446.748,4447.885
09:32,4448.315,4448.425,4443.395,4444.465
09:33,4444.435,4449.305,4444.155,4449.065
09:34,4449.115,4449.765,4447.295,4449.245
09:35,4449.155,4452.055,4448.795,4450.245
09:36,4450.265,4450.325,4441.875,4442.005
09:37,4441.985,4441.985,4436.605,4438.135
09:38,4438.105,4439.385,4435.485,4439.015
09:39,4438.905,4443.195,4437.795,4440.885
09:40,4440.845,4443.415,4440.485,4442.185
09:41,4442.115,4445.745,4442.115,4442.995
09:42,4442.955,4442.955,4439.435,4439.555
09:43,4439.625,4445.675,4439.445,4445.485
09:44,4445.318,4445.735,4443.195,4443.935
09:45,4444.005,4447.075,4440.925,4440.925
09:46,4440.945,4444.855,4440.895,4444.425
09:47,4444.755,4447.085,4441.875,4443.045
09:48,4442.975,4443.515,4440.615,4443.035
09:49,4443.065,4445.025,4441.795,4442.565
09:50,4442.595,4443.855,4440.595,4441.735
09:51,4441.865,4443.475,4441.065,4443.375
09:52,4443.415,4449.335,4443.395,4449.095
09:53,4449.045,4449.915,4446.435,4447.095
09:54,4447.085,4448.525,4446.085,4446.435
09:55,4446.415,4451.255,4445.885,4450.898
09:56,4450.905,4452.848,4450.259,4450.748
09:57,4450.648,4451.848,4448.785,4448.905
09:58,4448.875,4449.605,4445.215,4445.398
09:59,4445.235,4445.698,4444.055,4444.548
10:00,4444.548,4444.548,4439.415,4439.725
10:01,4439.725,4442.665,4438.695,4440.635
10:02,4440.595,4441.405,4437.715,4437.965
10:03,4438.025,4441.735,4437.835,4441.515
10:04,4441.495,4442.885,4439.635,4441.145
10:05,4441.475,4444.095,4439.835,4443.305
10:06,4442.945,4444.385,4441.255,4443.495
10:07,4443.525,4444.045,4439.795,4439.795
10:08,4439.755,4444.155,4439.495,4443.725
10:09,4443.685,4444.205,4440.595,4441.139
10:10,4441.125,4442.059,4436.385,4436.735
10:11,4436.745,4437.025,4431.925,4432.695
10:12,4432.685,4433.315,4430.325,4431.765
10:13,4431.935,4433.525,4430.355,4432.665
10:14,4432.599,4432.695,4426.305,4426.475
10:15,4426.505,4429.885,4425.375,4427.795
10:16,4427.855,4428.055,4423.785,4425.755
10:17,4425.765,4427.895,4423.135,4423.265
10:18,4423.275,4426.435,4423.215,4426.415
10:19,4426.455,4426.995,4424.135,4424.798
10:20,4424.798,4430.855,4424.265,4430.855
10:21,4430.675,4431.448,4429.145,4431.248
10:22,4431.248,4432.555,4429.525,4430.035
10:23,4430.005,4431.745,4427.548,4431.525
10:24,4431.525,4431.655,4429.915,4430.485
10:25,4430.465,4434.735,4430.465,4434.595
10:26,4434.575,4435.335,4433.585,4434.095
10:27,4434.195,4437.655,4434.195,4437.655
10:28,4437.635,4438.675,4437.015,4438.615
10:29,4438.645,4442.415,4437.995,4442.005
10:30,4441.985,4444.195,4441.985,4444.045
10:31,4444.025,4448.005,4443.925,4445.415
10:32,4445.485,4449.695,4445.395,4449.645
10:33,4449.615,4449.795,4447.415,4448.105
10:34,4448.045,4449.265,4446.785,4448.555
10:35,4448.595,4450.245,4447.805,4447.925
10:36,4447.955,4451.155,4447.415,4450.815
10:37,4450.865,4452.055,4448.315,4449.095
10:38,4449.315,4449.355,4445.525,4446.045
10:39,4446.295,4448.645,4445.285,4448.275
10:40,4448.315,4449.135,4446.085,4446.365
10:41,4446.415,4446.705,4445.035,4445.955
10:42,4446.005,4446.125,4444.845,4445.465
10:43,4445.445,4447.625,4445.445,4446.235
10:44,4446.205,4446.205,4441.655,4441.785
10:45,4441.835,4444.235,4440.945,4443.845
10:46,4443.825,4444.915,4441.305,4441.485
10:47,4441.465,4442.565,4440.145,4441.705
10:48,4441.665,4443.255,4441.485,4442.455
